id,caregiver_id,agency_id,item_key,file_name,file_type,expiration_date,uploaded_at
doc-cg-01-photo_id,cg-01,agency-a,photo_id,photo-id.jpg,image/jpeg,today+1200,today-1 18:00
doc-cg-02-photo_id,cg-02,agency-a,photo_id,photo-id.jpg,image/jpeg,today+1500,today-3 18:00
doc-cg-02-hha_certification,cg-02,agency-a,hha_certification,hha-certificate.pdf,application/pdf,today+600,today-3 18:00
doc-cg-02-tb_test,cg-02,agency-a,tb_test,tb-test-result.pdf,application/pdf,today+340,today-3 18:00
doc-cg-02-cpr_first_aid,cg-02,agency-a,cpr_first_aid,cpr-first-aid-card.jpg,image/jpeg,today+500,today-3 18:00
doc-cg-02-drivers_license,cg-02,agency-a,drivers_license,drivers-license.jpg,image/jpeg,today+1300,today-3 18:00
doc-cg-03-photo_id,cg-03,agency-a,photo_id,photo-id.jpg,image/jpeg,today+1400,today-9 18:00
doc-cg-03-tb_test,cg-03,agency-a,tb_test,tb-test-result.pdf,application/pdf,today+300,today-9 18:00
doc-cg-03-cpr_first_aid,cg-03,agency-a,cpr_first_aid,cpr-first-aid-card.jpg,image/jpeg,today+610,today-9 18:00
doc-cg-03-drivers_license,cg-03,agency-a,drivers_license,drivers-license.jpg,image/jpeg,today+1000,today-9 18:00
doc-cg-04-photo_id,cg-04,agency-a,photo_id,photo-id.jpg,image/jpeg,today+900,today-3 18:00
doc-cg-04-hha_certification,cg-04,agency-a,hha_certification,hha-certificate.pdf,application/pdf,today+450,today-3 18:00
doc-cg-04-tb_test,cg-04,agency-a,tb_test,tb-test-result.pdf,application/pdf,today+250,today-3 18:00
doc-cg-04-cpr_first_aid,cg-04,agency-a,cpr_first_aid,cpr-first-aid-card.jpg,image/jpeg,today+400,today-3 18:00
doc-cg-04-drivers_license,cg-04,agency-a,drivers_license,drivers-license.jpg,image/jpeg,today+800,today-3 18:00
doc-cg-05-photo_id,cg-05,agency-a,photo_id,photo-id.jpg,image/jpeg,today+1200,today-8 18:00
doc-cg-05-tb_test,cg-05,agency-a,tb_test,tb-test-result.pdf,application/pdf,today+320,today-8 18:00
doc-cg-05-cpr_first_aid,cg-05,agency-a,cpr_first_aid,cpr-first-aid-card.jpg,image/jpeg,today+540,today-8 18:00
doc-cg-05-drivers_license,cg-05,agency-a,drivers_license,drivers-license.jpg,image/jpeg,today+1600,today-8 18:00
doc-cg-06-photo_id,cg-06,agency-a,photo_id,photo-id.jpg,image/jpeg,today+1000,today-204 18:00
doc-cg-06-tb_test,cg-06,agency-a,tb_test,tb-test-result.pdf,application/pdf,today+165,today-204 18:00
doc-cg-06-cpr_first_aid,cg-06,agency-a,cpr_first_aid,cpr-first-aid-card.jpg,image/jpeg,today+20,today-204 18:00
doc-cg-06-drivers_license,cg-06,agency-a,drivers_license,drivers-license.jpg,image/jpeg,today+900,today-204 18:00
doc-cg-07-photo_id,cg-07,agency-a,photo_id,photo-id.jpg,image/jpeg,today+1500,today-64 18:00
doc-cg-07-tb_test,cg-07,agency-a,tb_test,tb-test-result.pdf,application/pdf,today+305,today-64 18:00
doc-cg-07-cpr_first_aid,cg-07,agency-a,cpr_first_aid,cpr-first-aid-card.jpg,image/jpeg,today+670,today-64 18:00
doc-cg-07-drivers_license,cg-07,agency-a,drivers_license,drivers-license.jpg,image/jpeg,today+1100,today-64 18:00
doc-cg-08-photo_id,cg-08,agency-a,photo_id,photo-id.jpg,image/jpeg,today+700,today-364 18:00
doc-cg-08-tb_test,cg-08,agency-a,tb_test,tb-test-result.pdf,application/pdf,today-5,today-364 18:00
doc-cg-08-cpr_first_aid,cg-08,agency-a,cpr_first_aid,cpr-first-aid-card.jpg,image/jpeg,today+370,today-364 18:00
doc-cg-08-drivers_license,cg-08,agency-a,drivers_license,drivers-license.jpg,image/jpeg,today+600,today-364 18:00
doc-cg-09-photo_id,cg-09,agency-a,photo_id,photo-id.jpg,image/jpeg,today+1300,today-6 18:00
doc-cg-09-tb_test,cg-09,agency-a,tb_test,tb-test-result.pdf,application/pdf,today+330,today-6 18:00
doc-cg-09-cpr_first_aid,cg-09,agency-a,cpr_first_aid,cpr-first-aid-card.jpg,image/jpeg,today+450,today-6 18:00
doc-cg-09-drivers_license,cg-09,agency-a,drivers_license,drivers-license.jpg,image/jpeg,today+1250,today-6 18:00
doc-cg-10-photo_id,cg-10,agency-a,photo_id,photo-id.jpg,image/jpeg,today+1100,today-2 18:00
doc-cg-10-hha_certification,cg-10,agency-a,hha_certification,hha-certificate.pdf,application/pdf,today+690,today-2 18:00
doc-cg-10-tb_test,cg-10,agency-a,tb_test,tb-test-result.pdf,application/pdf,today+280,today-2 18:00
doc-cg-10-cpr_first_aid,cg-10,agency-a,cpr_first_aid,cpr-first-aid-card.jpg,image/jpeg,today+600,today-2 18:00
doc-cg-10-drivers_license,cg-10,agency-a,drivers_license,drivers-license.jpg,image/jpeg,today+1400,today-2 18:00
doc-cg-11-photo_id,cg-11,agency-b,photo_id,photo-id.jpg,image/jpeg,today+1350,today-3 18:00
doc-cg-11-tb_test,cg-11,agency-b,tb_test,tb-test-result.pdf,application/pdf,today+310,today-3 18:00
doc-cg-11-cpr_first_aid,cg-11,agency-b,cpr_first_aid,cpr-first-aid-card.jpg,image/jpeg,today+480,today-3 18:00
doc-cg-11-drivers_license,cg-11,agency-b,drivers_license,drivers-license.jpg,image/jpeg,today+900,today-3 18:00
doc-cg-12-photo_id,cg-12,agency-b,photo_id,photo-id.jpg,image/jpeg,today+1250,today-94 18:00
doc-cg-12-tb_test,cg-12,agency-b,tb_test,tb-test-result.pdf,application/pdf,today+275,today-94 18:00
doc-cg-12-cpr_first_aid,cg-12,agency-b,cpr_first_aid,cpr-first-aid-card.jpg,image/jpeg,today+640,today-94 18:00
doc-cg-12-drivers_license,cg-12,agency-b,drivers_license,drivers-license.jpg,image/jpeg,today+1000,today-94 18:00
doc-cg-13-photo_id,cg-13,agency-b,photo_id,photo-id.jpg,image/jpeg,today+1450,today-2 18:00
doc-cg-13-hha_certification,cg-13,agency-b,hha_certification,hha-certificate.pdf,application/pdf,today+700,today-2 18:00
doc-cg-13-tb_test,cg-13,agency-b,tb_test,tb-test-result.pdf,application/pdf,today+350,today-2 18:00
doc-cg-13-cpr_first_aid,cg-13,agency-b,cpr_first_aid,cpr-first-aid-card.jpg,image/jpeg,today+700,today-2 18:00
doc-cg-13-drivers_license,cg-13,agency-b,drivers_license,drivers-license.jpg,image/jpeg,today+1200,today-2 18:00
