id,caregiver_id,item_key,status,source,method,ordered_at,verified_date,expiration_date,result,evidence,notes
ri-cg-01-photo_id,cg-01,photo_id,Pending,Applicant upload,Document review,,,today+1200,,Seeded sample upload (no image),
ri-cg-01-hha_certification,cg-01,hha_certification,Pending,Indiana aide registry (mock),Registry lookup,,,,,,Not uploaded yet
ri-cg-01-background_check,cg-01,background_check,Pending,Background check vendor (mock),Background check,,,,,,
ri-cg-01-oig_exclusion,cg-01,oig_exclusion,Pending,OIG exclusion list (mock),Exclusion screening,,,,,,
ri-cg-01-sam_exclusion,cg-01,sam_exclusion,Pending,SAM exclusion list (mock),Exclusion screening,,,,,,
ri-cg-01-tb_test,cg-01,tb_test,Pending,Applicant upload,Document review,,,,,,Not uploaded yet
ri-cg-01-cpr_first_aid,cg-01,cpr_first_aid,Pending,Applicant upload,Document review,,,,,,Not uploaded yet
ri-cg-01-drivers_license,cg-01,drivers_license,Pending,Applicant upload,Document review,,,,,,Not uploaded yet
ri-cg-02-photo_id,cg-02,photo_id,Pending,Applicant upload,Document review,,,today+1500,,Seeded sample upload (no image),
ri-cg-02-hha_certification,cg-02,hha_certification,Pending,Indiana aide registry (mock),Registry lookup,,,today+600,,Seeded sample upload (no image),
ri-cg-02-background_check,cg-02,background_check,Pending,Background check vendor (mock),Background check,,,,,,
ri-cg-02-oig_exclusion,cg-02,oig_exclusion,Pending,OIG exclusion list (mock),Exclusion screening,,,,,,
ri-cg-02-sam_exclusion,cg-02,sam_exclusion,Pending,SAM exclusion list (mock),Exclusion screening,,,,,,
ri-cg-02-tb_test,cg-02,tb_test,Pending,Applicant upload,Document review,,,today+340,,Seeded sample upload (no image),
ri-cg-02-cpr_first_aid,cg-02,cpr_first_aid,Pending,Applicant upload,Document review,,,today+500,,Seeded sample upload (no image),
ri-cg-02-drivers_license,cg-02,drivers_license,Pending,Applicant upload,Document review,,,today+1300,,Seeded sample upload (no image),
ri-cg-03-photo_id,cg-03,photo_id,Verified,Applicant upload,Document review,,today-7,today+1400,,Seeded sample upload (no image),
ri-cg-03-hha_certification,cg-03,hha_certification,Verified,Indiana aide registry (mock),Registry lookup,today-8,today-8,today+720,Active,Registry record IN-HHA-12031,
ri-cg-03-background_check,cg-03,background_check,Delayed,Background check vendor (mock),Background check,today-8,,,,,Ordered and waiting on the vendor
ri-cg-03-oig_exclusion,cg-03,oig_exclusion,Verified,OIG exclusion list (mock),Exclusion screening,today-8,today-7,today+358,Clear,Mock vendor result OIG-12032,
ri-cg-03-sam_exclusion,cg-03,sam_exclusion,Verified,SAM exclusion list (mock),Exclusion screening,today-8,today-7,today+358,Clear,Mock vendor result SAM-12033,
ri-cg-03-tb_test,cg-03,tb_test,Verified,Applicant upload,Document review,,today-7,today+300,,Seeded sample upload (no image),
ri-cg-03-cpr_first_aid,cg-03,cpr_first_aid,Verified,Applicant upload,Document review,,today-7,today+610,,Seeded sample upload (no image),
ri-cg-03-drivers_license,cg-03,drivers_license,Verified,Applicant upload,Document review,,today-7,today+1000,,Seeded sample upload (no image),
ri-cg-04-photo_id,cg-04,photo_id,Verified,Applicant upload,Document review,,today-2,today+900,,Seeded sample upload (no image),
ri-cg-04-hha_certification,cg-04,hha_certification,Manual Verification,Indiana aide registry (mock),Registry lookup,today-2,,today+450,,Seeded sample upload (no image),State registry unavailable. Verify the certificate by hand.
ri-cg-04-background_check,cg-04,background_check,Retryable,Background check vendor (mock),Background check,today-2,,,Vendor failure,,The request failed to send. Retry is available.
ri-cg-04-oig_exclusion,cg-04,oig_exclusion,Verified,OIG exclusion list (mock),Exclusion screening,today-2,today-1,today+364,Clear,Mock vendor result OIG-13042,
ri-cg-04-sam_exclusion,cg-04,sam_exclusion,Verified,SAM exclusion list (mock),Exclusion screening,today-2,today-1,today+364,Clear,Mock vendor result SAM-13043,
ri-cg-04-tb_test,cg-04,tb_test,Verified,Applicant upload,Document review,,today-2,today+250,,Seeded sample upload (no image),
ri-cg-04-cpr_first_aid,cg-04,cpr_first_aid,Verified,Applicant upload,Document review,,today-2,today+400,,Seeded sample upload (no image),
ri-cg-04-drivers_license,cg-04,drivers_license,Verified,Applicant upload,Document review,,today-2,today+800,,Seeded sample upload (no image),
ri-cg-05-photo_id,cg-05,photo_id,Verified,Applicant upload,Document review,,today-5,today+1200,,Seeded sample upload (no image),
ri-cg-05-hha_certification,cg-05,hha_certification,Verified,Indiana aide registry (mock),Registry lookup,today-7,today-5,today+725,Active,Registry record IN-HHA-14051,
ri-cg-05-background_check,cg-05,background_check,Verified,Background check vendor (mock),Background check,today-7,today-5,today+360,Clear,Mock vendor result BG-14052,
ri-cg-05-oig_exclusion,cg-05,oig_exclusion,Verified,OIG exclusion list (mock),Exclusion screening,today-7,today-5,today+360,Clear,Mock vendor result OIG-14053,
ri-cg-05-sam_exclusion,cg-05,sam_exclusion,Verified,SAM exclusion list (mock),Exclusion screening,today-7,today-5,today+360,Clear,Mock vendor result SAM-14054,
ri-cg-05-tb_test,cg-05,tb_test,Verified,Applicant upload,Document review,,today-5,today+320,,Seeded sample upload (no image),
ri-cg-05-cpr_first_aid,cg-05,cpr_first_aid,Verified,Applicant upload,Document review,,today-5,today+540,,Seeded sample upload (no image),
ri-cg-05-drivers_license,cg-05,drivers_license,Verified,Applicant upload,Document review,,today-5,today+1600,,Seeded sample upload (no image),
ri-cg-06-photo_id,cg-06,photo_id,Verified,Applicant upload,Document review,,today-200,today+1000,,Seeded sample upload (no image),
ri-cg-06-hha_certification,cg-06,hha_certification,Verified,Indiana aide registry (mock),Registry lookup,today-203,today-200,today+530,Active,Registry record IN-HHA-15061,
ri-cg-06-background_check,cg-06,background_check,Verified,Background check vendor (mock),Background check,today-203,today-200,today+165,Clear,Mock vendor result BG-15062,
ri-cg-06-oig_exclusion,cg-06,oig_exclusion,Verified,OIG exclusion list (mock),Exclusion screening,today-203,today-200,today+165,Clear,Mock vendor result OIG-15063,
ri-cg-06-sam_exclusion,cg-06,sam_exclusion,Verified,SAM exclusion list (mock),Exclusion screening,today-203,today-200,today+165,Clear,Mock vendor result SAM-15064,
ri-cg-06-tb_test,cg-06,tb_test,Verified,Applicant upload,Document review,,today-200,today+165,,Seeded sample upload (no image),
ri-cg-06-cpr_first_aid,cg-06,cpr_first_aid,Expiring,Applicant upload,Document review,,today-200,today+20,,Seeded sample upload (no image),Replacement requested
ri-cg-06-drivers_license,cg-06,drivers_license,Verified,Applicant upload,Document review,,today-200,today+900,,Seeded sample upload (no image),
ri-cg-07-photo_id,cg-07,photo_id,Verified,Applicant upload,Document review,,today-60,today+1500,,Seeded sample upload (no image),
ri-cg-07-hha_certification,cg-07,hha_certification,Verified,Indiana aide registry (mock),Registry lookup,today-63,today-60,today+670,Active,Registry record IN-HHA-16071,
ri-cg-07-background_check,cg-07,background_check,Verified,Background check vendor (mock),Background check,today-63,today-60,today+305,Clear,Mock vendor result BG-16072,
ri-cg-07-oig_exclusion,cg-07,oig_exclusion,Verified,OIG exclusion list (mock),Exclusion screening,today-63,today-60,today+305,Clear,Mock vendor result OIG-16073,
ri-cg-07-sam_exclusion,cg-07,sam_exclusion,Verified,SAM exclusion list (mock),Exclusion screening,today-63,today-60,today+305,Clear,Mock vendor result SAM-16074,
ri-cg-07-tb_test,cg-07,tb_test,Verified,Applicant upload,Document review,,today-60,today+305,,Seeded sample upload (no image),
ri-cg-07-cpr_first_aid,cg-07,cpr_first_aid,Verified,Applicant upload,Document review,,today-60,today+670,,Seeded sample upload (no image),
ri-cg-07-drivers_license,cg-07,drivers_license,Verified,Applicant upload,Document review,,today-60,today+1100,,Seeded sample upload (no image),
ri-cg-08-photo_id,cg-08,photo_id,Verified,Applicant upload,Document review,,today-360,today+700,,Seeded sample upload (no image),
ri-cg-08-hha_certification,cg-08,hha_certification,Verified,Indiana aide registry (mock),Registry lookup,today-362,today-360,today+370,Active,Registry record IN-HHA-17081,
ri-cg-08-background_check,cg-08,background_check,Verified,Background check vendor (mock),Background check,today-102,today-100,today+265,Clear,Mock vendor result BG-17082,
ri-cg-08-oig_exclusion,cg-08,oig_exclusion,Verified,OIG exclusion list (mock),Exclusion screening,today-102,today-100,today+265,Clear,Mock vendor result OIG-17083,
ri-cg-08-sam_exclusion,cg-08,sam_exclusion,Verified,SAM exclusion list (mock),Exclusion screening,today-102,today-100,today+265,Clear,Mock vendor result SAM-17084,
ri-cg-08-tb_test,cg-08,tb_test,Expired,Applicant upload,Document review,,today-360,today-5,,Seeded sample upload (no image),Expired without a verified replacement
ri-cg-08-cpr_first_aid,cg-08,cpr_first_aid,Verified,Applicant upload,Document review,,today-360,today+370,,Seeded sample upload (no image),
ri-cg-08-drivers_license,cg-08,drivers_license,Verified,Applicant upload,Document review,,today-360,today+600,,Seeded sample upload (no image),
ri-cg-09-photo_id,cg-09,photo_id,Verified,Applicant upload,Document review,,today-4,today+1300,,Seeded sample upload (no image),
ri-cg-09-hha_certification,cg-09,hha_certification,Verified,Indiana aide registry (mock),Registry lookup,today-5,today-5,today+700,Active,Registry record IN-HHA-18091,
ri-cg-09-background_check,cg-09,background_check,Verified,Background check vendor (mock),Background check,today-5,today-4,today+361,Clear,Mock vendor result BG-18092,
ri-cg-09-oig_exclusion,cg-09,oig_exclusion,Manual Verification,OIG exclusion list (mock),Exclusion screening,today-5,,,Possible match,Mock vendor result OIG-18093,Name and date of birth match an OIG exclusion entry. Coordinator review required.
ri-cg-09-sam_exclusion,cg-09,sam_exclusion,Verified,SAM exclusion list (mock),Exclusion screening,today-5,today-4,today+361,Clear,Mock vendor result SAM-18094,
ri-cg-09-tb_test,cg-09,tb_test,Verified,Applicant upload,Document review,,today-4,today+330,,Seeded sample upload (no image),
ri-cg-09-cpr_first_aid,cg-09,cpr_first_aid,Verified,Applicant upload,Document review,,today-4,today+450,,Seeded sample upload (no image),
ri-cg-09-drivers_license,cg-09,drivers_license,Verified,Applicant upload,Document review,,today-4,today+1250,,Seeded sample upload (no image),
ri-cg-10-photo_id,cg-10,photo_id,Pending,Applicant upload,Document review,,,today+1100,,Seeded sample upload (no image),
ri-cg-10-hha_certification,cg-10,hha_certification,Pending,Indiana aide registry (mock),Registry lookup,,,today+690,,Seeded sample upload (no image),
ri-cg-10-background_check,cg-10,background_check,Pending,Background check vendor (mock),Background check,,,,,,Screening stopped: authorization declined
ri-cg-10-oig_exclusion,cg-10,oig_exclusion,Pending,OIG exclusion list (mock),Exclusion screening,,,,,,Screening stopped: authorization declined
ri-cg-10-sam_exclusion,cg-10,sam_exclusion,Pending,SAM exclusion list (mock),Exclusion screening,,,,,,Screening stopped: authorization declined
ri-cg-10-tb_test,cg-10,tb_test,Pending,Applicant upload,Document review,,,today+280,,Seeded sample upload (no image),
ri-cg-10-cpr_first_aid,cg-10,cpr_first_aid,Pending,Applicant upload,Document review,,,today+600,,Seeded sample upload (no image),
ri-cg-10-drivers_license,cg-10,drivers_license,Pending,Applicant upload,Document review,,,today+1400,,Seeded sample upload (no image),
ri-cg-11-photo_id,cg-11,photo_id,Verified,Applicant upload,Document review,,today-1,today+1350,,Seeded sample upload (no image),
ri-cg-11-hha_certification,cg-11,hha_certification,Verified,Indiana aide registry (mock),Registry lookup,today-1,today-1,today+640,Active,Registry record IN-HHA-20111,
ri-cg-11-background_check,cg-11,background_check,Ordered,Background check vendor (mock),Background check,today-1,,,,,
ri-cg-11-oig_exclusion,cg-11,oig_exclusion,Ordered,OIG exclusion list (mock),Exclusion screening,today-1,,,,,
ri-cg-11-sam_exclusion,cg-11,sam_exclusion,Ordered,SAM exclusion list (mock),Exclusion screening,today-1,,,,,
ri-cg-11-tb_test,cg-11,tb_test,Verified,Applicant upload,Document review,,today-1,today+310,,Seeded sample upload (no image),
ri-cg-11-cpr_first_aid,cg-11,cpr_first_aid,Verified,Applicant upload,Document review,,today-1,today+480,,Seeded sample upload (no image),
ri-cg-11-drivers_license,cg-11,drivers_license,Verified,Applicant upload,Document review,,today-1,today+900,,Seeded sample upload (no image),
ri-cg-12-photo_id,cg-12,photo_id,Verified,Applicant upload,Document review,,today-90,today+1250,,Seeded sample upload (no image),
ri-cg-12-hha_certification,cg-12,hha_certification,Verified,Indiana aide registry (mock),Registry lookup,today-92,today-90,today+640,Active,Registry record IN-HHA-21121,
ri-cg-12-background_check,cg-12,background_check,Verified,Background check vendor (mock),Background check,today-92,today-90,today+275,Clear,Mock vendor result BG-21122,
ri-cg-12-oig_exclusion,cg-12,oig_exclusion,Verified,OIG exclusion list (mock),Exclusion screening,today-92,today-90,today+275,Clear,Mock vendor result OIG-21123,
ri-cg-12-sam_exclusion,cg-12,sam_exclusion,Verified,SAM exclusion list (mock),Exclusion screening,today-92,today-90,today+275,Clear,Mock vendor result SAM-21124,
ri-cg-12-tb_test,cg-12,tb_test,Verified,Applicant upload,Document review,,today-90,today+275,,Seeded sample upload (no image),
ri-cg-12-cpr_first_aid,cg-12,cpr_first_aid,Verified,Applicant upload,Document review,,today-90,today+640,,Seeded sample upload (no image),
ri-cg-12-drivers_license,cg-12,drivers_license,Verified,Applicant upload,Document review,,today-90,today+1000,,Seeded sample upload (no image),
ri-cg-13-photo_id,cg-13,photo_id,Pending,Applicant upload,Document review,,,today+1450,,Seeded sample upload (no image),
ri-cg-13-hha_certification,cg-13,hha_certification,Pending,Indiana aide registry (mock),Registry lookup,,,today+700,,Seeded sample upload (no image),
ri-cg-13-background_check,cg-13,background_check,Pending,Background check vendor (mock),Background check,,,,,,
ri-cg-13-oig_exclusion,cg-13,oig_exclusion,Pending,OIG exclusion list (mock),Exclusion screening,,,,,,
ri-cg-13-sam_exclusion,cg-13,sam_exclusion,Pending,SAM exclusion list (mock),Exclusion screening,,,,,,
ri-cg-13-tb_test,cg-13,tb_test,Pending,Applicant upload,Document review,,,today+350,,Seeded sample upload (no image),
ri-cg-13-cpr_first_aid,cg-13,cpr_first_aid,Pending,Applicant upload,Document review,,,today+700,,Seeded sample upload (no image),
ri-cg-13-drivers_license,cg-13,drivers_license,Pending,Applicant upload,Document review,,,today+1200,,Seeded sample upload (no image),
